ENC  , JD          , D, TCA                 , ALT    , BPLANE, VINF  , VEL_Iner, LST     , LAT   , LON   , SEP   , PHS   , TRA   , INC   , RP    , RA    , BREV  , SREV  , PER   , TOF   , TIM   , ETRA  , S3LON , J2E_X      , J2E_Y      , J2E_Z      , J2E_DX  , J2E_DY  , J2E_DZ  , J2SC_X     , J2SC_Y     , J2SC_Z     , J2SC_DX , J2SC_DY , J2SC_DZ , CI    , CO    , PI    , PO    , SJB   , PANEL, VEL_surf, SUN_range   , AngVel    , AngAcc
   , (ET), , (ET), (km), (deg), (km/s), (km/s), , (deg), (deg), (deg), (deg), (deg), (deg), (RJ), (RJ), (rev), (rev), (days), (days), (days), TRA (deg), (deg), LON (deg), , , , , , , , , , , , (deg), (deg), (deg), (deg), , , (km/s), (AU), (rad/s), (rad/s^2)
00G00, 2462602.2262, I, 10-Apr-2030 17:25:42,  202.80,   0.75,   8.73,   9.12, 15:27:55,  -0.99, 246.19, 144.42,  51.99, -54.71,   3.42,  11.27, 264.32,  28.35,   1.35, 199.76, 202.86,   0.00, 125.23,  76.79, -80320.2994, 607669.0335, 282538.5351, -13.5771,  -1.2924,  -0.8263, 892977.9991, 526071.6353, 267331.3329, -14.8366,   7.0111,   2.1164,  -6.21,  -5.91,  66.24,  71.25, -16.50, -,   8.44, 5.3958796902, 3.2167E-03, 6.5679E-06
01G01, 2462805.0899, O, 30-Oct-2030 14:09:28,  250.00, -152.05,   8.34,   8.74, 01:05:53,  28.07, 278.75,  24.35, 150.50,  73.45,   1.52,   9.59, 119.97,   9.00,   1.00,  64.39,  64.40, 202.86, -40.60,   4.18, -514702.6107, 386476.3274, 172642.8035,  -8.7220,  -9.6809,  -4.6565, -1014153.9582, 320761.9897, 138020.8114, -12.1586,  -8.0424,  -3.4396, 174.94, 177.57,  78.51,  83.23,  95.30, -,   8.01, 5.3528341873, 3.0343E-03, 5.8342E-06
02G02, 2462869.4927, O, 02-Jan-2031 23:49:28,  879.67, -165.09,   8.39,   8.72, 00:23:05,  14.97, 272.53,  26.66, 166.74,  81.90,   0.72,   8.82,  78.71,   5.00,   1.00,  35.76,  35.77, 267.27,  57.67,  99.83, -655514.7336, -111656.0201, -62042.8424,   2.5284, -12.3129,  -5.7142, -1018048.8030, 311797.1898, 133112.1977, -11.9115,  -7.3941,  -3.4524, 177.66, 178.81,  83.40,  87.66,  90.76, -,   6.56, 5.3333627347, 2.4828E-03, 3.9235E-06
03G03, 2462905.2622, O, 07-Feb-2031 18:17:35, 4038.09, -172.80,   8.36,   8.54, 23:57:18,   7.22, 269.08,  56.10, 175.66,  88.08,   0.52,   8.42,  65.88,   3.82,   0.85,  27.96,  27.35, 303.04, 109.91, 281.14, -536055.5615, -366008.2851, -178975.6208,   8.1918,  -9.9910,  -4.5457, -1017569.0494, 312204.7298, 133211.4292, -11.6398,  -6.9580,  -3.3643, 178.81, 179.11,  87.44,  89.80,  87.73, -,   3.39, 5.3219976294, 1.2800E-03, 1.0524E-06
04E01, 2462932.6112, O, 07-Mar-2031 02:40:06,  630.96, -175.06,   6.30,   6.52, 22:29:00,   4.95, 302.67,  79.69, 157.17,  40.24,   0.44,   8.28,  53.31,   5.76,   0.76,  21.11,  20.48, 330.38,  24.19, 180.68, -218802.7962, 570591.0203, 263359.2505, -13.1031,  -4.0089,  -2.0661, -220122.9016, 568940.7210, 262777.5800, -18.3038,  -0.4212,  -0.4420, 179.54, 179.98,  54.08,  58.14,  33.54, 8,   4.68, 5.3099035919, 2.9762E-03, 5.6464E-06
05E02, 2462953.0877, I, 27-Mar-2031 14:06:14,  278.22,  -1.97,   6.37,   6.64, 12:34:17,   1.97, 239.89,  98.24,   9.54, -45.78,   0.49,   8.07,  42.06,   4.72,   1.41,  15.50,  16.76, 350.86, -45.42, 269.76, 609896.2055, 240486.9226, 121285.2852,  -5.6691,  11.4612,   5.2720, 610026.7279, 242120.4837, 122119.9762, -12.2914,  11.9311,   5.3880,   0.03,  -0.15,  59.34,  64.05, -53.48, 3,   5.60, 5.3043466987, 3.6105E-03, 8.2854E-06
06G04, 2462969.8447, O, 13-Apr-2031 08:16:21, 2603.02,   0.00,   7.75,   7.99, 11:59:20,   0.02,  85.10, 114.33,   2.82,  94.55,   0.46,   8.71,  50.15,   2.50,   0.50,  19.72,  17.85, 367.62, -131.58, 228.75, 146441.5981, -598127.2396, -277347.3598,  13.3084,   2.6912,   1.4509, -1057569.1731, 165889.5263, 61385.1231,  -9.5534,  -8.2035,  -3.9688, 179.17, 179.17,  94.21,  90.71,  92.19, -,   3.99, 5.3017896221, 1.5267E-03, 1.4896E-06
07G05, 2462987.6984, I, 01-May-2031 04:45:41, 3022.49, -177.12,   7.64,   7.87, 23:50:14,   2.85,  86.05, 131.96, 177.56, -87.35,   0.55,   9.25,  60.50,   3.68,   1.27,  25.43,  26.34, 385.47, -109.79, 344.93, 254568.8519, -566178.2342, -260885.4146,  12.6315,   4.7223,   2.3891, 1048723.6233, -190787.4520, -73145.9182,  -5.6547,  11.2557,   5.1559,  -0.86,  -1.03,  90.15,  86.82, -90.75, -,   3.69, 5.2957973960, 1.3915E-03, 1.2383E-06
08E03, 2463014.0408, O, 27-May-2031 12:58:43,   50.00, 136.40,   4.50,   4.92, 22:29:31, -43.40, 334.43, 159.65, 130.17,  13.68,   1.87,   9.18,  52.73,   6.00,   1.00,  21.27,  21.30, 411.81,  58.76, 188.53, 63265.4786, 601951.2048, 282214.1305, -13.7336,   1.3623,   0.4400, 62686.8530, 601508.7854, 280777.2995, -18.1015,   3.3033,   1.6013, -179.35, 164.16,  17.65,  25.98,   2.39, 13,   4.79, 5.2824063918, 3.0534E-03, 5.7831E-06
09E04, 2463035.3376, O, 17-Jun-2031 20:06:10,   50.00,  66.22,   4.44,   4.87, 12:07:27, -63.42, 181.67, 177.30,  61.39,  13.60,   4.10,   9.29,  52.60,   6.00,   1.00,  21.26,  21.30, 433.11,  72.80,   7.88, 74360.6384, 602163.3940, 282487.1500, -13.6775,   1.5756,   0.5418, 74432.6770, 603423.4393, 281487.3607, -17.8930,   3.2337,   2.3278, 163.61, 138.26,  24.38,  24.90,  -0.27, 7,   4.71, 5.2751636162, 3.0242E-03, 5.6670E-06
10E05, 2463056.6344, O, 09-Jul-2031 03:13:36,   50.00,  35.32,   4.39,   4.82, 11:46:04, -31.93, 179.09, 154.49,  30.11,   8.11,   5.28,   9.39,  52.61,   6.00,   1.00,  21.32,  21.31, 454.41,  86.99, 187.21, 86336.0093, 602237.8174, 282703.5284, -13.6131,   1.7954,   0.6468, 86534.3056, 603825.1967, 282507.1068, -17.9225,   2.5832,   2.6629, 135.75, 107.84,  22.78,  22.81,  -3.00, 6,   4.65, 5.2678581551, 2.9921E-03, 5.5427E-06
11E06, 2463077.9448, O, 30-Jul-2031 10:40:28,   35.00,   8.42,   4.40,   4.84, 11:40:31,  -5.81, 179.10, 132.46,   6.21,   2.49,   5.53,   9.44,  52.55,   6.00,   1.00,  21.31,  21.31, 475.72, 102.23, 356.09, 83299.3861, 604196.6986, 283584.1182, -13.5876,   1.7275,   0.6166, 83509.8556, 605691.5025, 284107.0770, -18.0210,   1.6766,   2.5464, 109.49,  81.60,  22.88,  22.93,  -4.45, 2,   4.70, 5.2604759886, 3.0267E-03, 5.6708E-06
12E07, 2463099.2559, I, 20-Aug-2031 18:08:27,   85.00, -21.04,   4.40,   4.83, 11:32:26,  21.42, 178.40, 111.62,  24.25,  -3.40,   4.59,   9.43,  52.58,   6.00,   1.00,  21.33,  21.31, 497.03, 117.75, 164.28, 80221.9028, 606056.3371, 284414.8028, -13.5648,   1.6514,   0.5826, 80422.9927, 607176.9256, 285605.2060, -18.1018,   0.9074,   2.0494,  83.36,  56.00,  22.76,  22.54,  -5.89, 2,   4.55, 5.2530288164, 2.9297E-03, 5.3203E-06
13E08, 2463120.5674, I, 11-Sep-2031 01:37:01,   50.00, -49.55,   4.40,   4.83, 11:24:08,  48.42, 177.61,  92.01,  50.84,  -8.14,   2.62,   9.41,  52.62,   6.00,   1.00,  21.33,  21.31, 518.34, 133.46, 332.10, 77471.6722, 607641.3312, 285120.2151, -13.5468,   1.5745,   0.5483, 77608.2886, 608089.0053, 286661.5774, -18.1867,   0.4550,   1.2847,  58.04,  28.92,  21.94,  21.54,  -7.38, 4,   4.66, 5.2455279891, 2.9981E-03, 5.5656E-06
14E09, 2463141.8801, I, 02-Oct-2031 09:07:23,  108.04, -78.37,   4.38,   4.80, 11:04:11,  77.44, 173.79,  73.42,  79.57, -10.45,   0.31,   9.40,  52.71,   6.06,   1.06,  21.38,  21.53, 539.65, 149.56, 138.90, 73786.4019, 609011.4616, 285713.0865, -13.5376,   1.4762,   0.5040, 73837.7944, 608644.0122, 287338.9792, -18.2152,   0.4031,   0.4093,  30.65,  -0.03,  20.36,  19.80,  -8.79, 4,   4.48, 5.2379797438, 2.8783E-03, 5.1350E-06
15E10, 2463163.4059, O, 23-Oct-2031 21:44:28,   25.00, -75.51,   4.36,   4.80, 12:56:14,  74.48, 181.38,  55.41,  76.65,   9.82,   2.42,   9.44,  52.60,   6.00,   1.00,  21.34,  21.31, 561.18, -171.17, 141.44, -177762.4248, 593130.1209, 274864.1464, -13.1289,  -3.1843,  -1.6677, -177914.8382, 592848.8752, 276416.2457, -17.8961,  -2.8377,  -2.0730, -179.70, -144.66,  18.39,  18.88,  10.92, 5,   4.71, 5.2303169511, 3.0270E-03, 5.6643E-06
16E11, 2463184.7190, O, 14-Nov-2031 05:15:21,   35.00, -44.77,   4.37,   4.81, 12:41:40,  42.13, 178.88,  38.12,  44.77,   6.97,   4.21,   9.48,  52.54,   6.00,   1.00,  21.33,  21.32, 582.49, -154.67, 307.93, -181352.4258, 591718.1554, 274194.3959, -13.1098,  -3.2860,  -1.7136, -181700.9042, 592294.9037, 275641.3877, -17.7395,  -2.9543,  -2.9608, -146.80, -114.79,  20.03,  20.31,   9.50, 4,   4.68, 5.2226437380, 3.0111E-03, 5.6084E-06
17E12, 2463206.0381, O, 05-Dec-2031 12:54:48,   65.00,   3.96,   4.38,   4.81, 12:06:33,  -5.42, 170.64,  21.13,   4.18,   2.38,   3.94,   9.48,  55.95,  13.00,   2.00,  23.11,  46.16, 603.81, -137.49, 109.87, -191973.4345, 588007.3037, 272361.2978, -13.0571,  -3.5184,  -1.8202, -192237.0004, 589521.7160, 272895.9781, -17.5323,  -3.6745,  -3.5841, -120.53, -90.41,  21.41,  17.27,   8.70, 2,   4.59, 5.2149518684, 2.9572E-03, 5.4156E-06
19E13, 2463252.1971, I, 20-Jan-2032 16:43:48,   50.00,  -3.85,   4.37,   4.80, 12:46:34,   2.04, 185.11,  15.28,  12.15,  -4.81,   4.06,   9.39,  52.63,   6.00,   1.00,  21.33,  21.32, 649.97, -103.05, 245.88, -180575.6230, 587838.5464, 272542.6642, -13.1724,  -3.3749,  -1.7520, -181212.6342, 589158.6956, 273214.8470, -17.3794,  -4.3285,  -3.8660, -87.26, -56.69,  17.44,  21.48,   3.96, 2,   4.62, 5.1982113287, 2.9790E-03, 5.4923E-06
20E14, 2463273.5147, I, 11-Feb-2032 00:21:07,   35.00,  46.42,   4.34,   4.78, 12:12:01, -45.69, 177.18,  32.20,  44.41,  -9.16,   2.17,   9.32,  52.66,   6.00,   1.00,  21.31,  21.31, 671.29, -86.48,  49.19, -191982.3210, 583186.8872, 270265.6747, -13.1342,  -3.6075,  -1.8593, -192283.2380, 584641.0503, 269680.7825, -17.0955,  -5.2718,  -3.9590, -61.77, -29.62,  20.47,  20.17,   3.24, 6,   4.66, 5.1904797499, 2.9964E-03, 5.5511E-06
21E15, 2463294.8263, I, 03-Mar-2032 07:49:50,  125.00,  78.09,   4.32,   4.74, 11:56:24, -77.36, 174.59,  49.36,  76.07, -11.47,   0.64,   9.28,  52.71,   6.01,   1.01,  21.31,  21.33, 692.60, -70.25, 217.21, -197542.2884, 580033.9433, 268764.1762, -13.1311,  -3.7232,  -1.9124, -197613.6424, 581054.3473, 267425.6247, -16.9734,  -6.0287,  -3.4651, -31.01,   1.66,  19.36,  18.94,   2.01, 6,   4.38, 5.1827476469, 2.8150E-03, 4.9083E-06
22E16, 2463316.1591, I, 24-Mar-2032 15:49:07,  239.67,  17.19,   4.21,   4.61, 13:33:31, -17.14, 198.04,  66.98,  27.97, -12.11,   1.04,   9.23,  45.80,   5.01,   1.01,  17.82,  17.79, 713.93, -51.95,   9.06, -227886.0894, 569274.4490, 263380.8105, -12.9516,  -4.2942,  -2.1762, -228993.9131, 570694.0372, 263443.9497, -16.4894,  -7.0017,  -3.3743,  -1.03,   6.76,  14.55,  24.70,   3.02, 2,   3.97, 5.1750051075, 2.5603E-03, 4.0633E-06
23E17, 2463333.9476, I, 11-Apr-2032 10:44:32,   25.00, -16.01,   4.07,   4.54, 13:58:49,  16.25, 202.55,  82.17,  34.10, -15.01,   0.38,   9.15,  38.34,   4.10,   1.10,  14.29,  14.55, 731.72, -35.90,   7.08, -265666.1278, 554630.0151, 256078.4757, -12.6630,  -5.0001,  -2.5020, -266805.9747, 555368.4345, 256899.5695, -15.6668,  -8.1160,  -3.8696,   9.88,  -0.54,  19.02,  30.74,   5.07, 2,   4.44, 5.1685736376, 2.8600E-03, 5.0267E-06
24E18, 2463348.4971, O, 25-Apr-2032 23:55:52,   75.00,   1.14,   4.02,   4.48, 13:05:10,  -1.17, 155.38,  95.07,  16.29,  13.51,   0.44,   9.28,  45.60,   4.95,   0.95,  17.75,  17.57, 746.27,  10.58, 336.83, -571625.3632, 310702.8930, 138067.6427,  -7.1060, -10.7481,  -5.1197, -572585.2086, 311922.4967, 138588.8763, -10.7369, -13.1070,  -6.2866, -179.35, -179.77,  29.43,  17.06,  39.60, 2,   4.25, 5.1643137241, 2.7390E-03, 4.6123E-06
25E19, 2463366.0674, I, 13-May-2032 13:37:07,   50.00,   0.51,   4.01,   4.48, 14:47:54,  -0.52, 201.37, 111.28,  41.97, -12.90,   0.46,   9.18,  38.35,   4.10,   1.10,  14.31,  14.54, 763.84,   5.09, 142.45, -430660.5365, 461054.7139, 210262.2037, -10.5712,  -8.0740,  -3.9122, -432098.0210, 461728.6695, 210543.1188, -12.5984, -11.6826,  -5.6281,  -0.27,   0.08,  16.48,  29.08,  19.23, 2,   4.31, 5.1571933729, 2.7790E-03, 4.7432E-06
26E20, 2463380.6082, O, 28-May-2032 02:35:45,  100.00,  -0.22,   4.04,   4.49, 13:54:41,   0.22, 155.21, 125.35,  28.70,  14.60,   0.45,   9.30,  45.54,   4.94,   0.94,  17.73,  17.56, 778.38,  49.78, 118.90, -644809.4286, 158137.7561, 65849.8540,  -3.6385, -12.0593,  -5.6889, -646101.1555, 159088.8808, 66285.3943,  -6.4665, -15.2092,  -7.1977, 179.93, -179.96,  29.79,  17.68,  52.77, 2,   4.19, 5.1534528315, 2.7037E-03, 4.4992E-06
27E21, 2463398.1681, I, 14-Jun-2032 16:02:06,   35.00,  -0.12,   4.04,   4.51, 15:37:47,   0.12, 202.35, 143.08,  54.46, -12.59,   0.44,   9.21,  38.33,   4.09,   1.09,  14.31,  14.53, 795.94,  44.08, 292.49, -547443.3116, 347229.0294, 155621.2703,  -7.9658, -10.2028,  -4.8745, -549007.1660, 347529.2734, 155745.6656,  -8.8822, -14.1963,  -6.7574,  -0.06,  -0.08,  17.16,  29.72,  31.36, 2,   4.38, 5.1460433132, 2.8231E-03, 4.8959E-06
28E22, 2463412.7031, O, 29-Jun-2032 04:52:28,   85.73,   0.14,   4.04,   4.50, 14:43:31,  -0.15, 156.51, 158.36,  40.89,  14.30,   0.45,   9.35,  45.48,   4.95,   0.95,  17.73,  17.57, 810.48,  88.08, 272.96, -670836.3451, 13859.1368, -1883.3161,  -0.3678, -12.4417,  -5.8272, -672340.7102, 14477.2685, -1617.6610,  -2.2022, -16.1495,  -7.5878, -179.91, -179.96,  28.66,  16.44,  63.92, 2,   4.23, 5.1426774511, 2.7281E-03, 4.5789E-06
29E23, 2463430.2744, I, 16-Jul-2032 18:35:12,   25.00,   1.61,   4.04,   4.51, 16:24:17,  -1.60, 201.92, 177.22,  66.06, -11.96,   0.53,   9.27,  38.27,   4.10,   1.10,  14.31,  14.57, 828.05,  81.56,  77.88, -630995.4198, 207706.1810, 89395.6691,  -4.7574, -11.6693,  -5.5205, -632579.8251, 207667.1120, 89308.6008,  -4.5524, -15.7578,  -7.4172,  -0.05,   0.70,  16.52,  29.16,  43.72, 2,   4.41, 5.1351581729, 2.8424E-03, 4.9616E-06
30E24, 2463444.8400, O, 31-Jul-2032 08:09:33,  100.00, -15.73,   4.17,   4.61, 15:26:54,  15.68, 152.22, 166.96,  53.65,  17.03,   0.48,   9.37,  45.63,   5.00,   1.00,  17.81,  17.77, 842.61, 128.34,  34.29, -646797.9107, -171932.6397, -88441.3944,   3.8157, -11.8981,  -5.5221, -648376.1048, -171851.1160, -87927.0011,   2.9489, -15.9479,  -7.5398, 179.45, -172.43,  32.60,  21.73,  78.82, 2,   4.30, 5.1323611194, 2.7720E-03, 4.7422E-06
31E25, 2463462.6093, O, 18-Aug-2032 02:37:27,   35.00, 167.98,   4.29,   4.73, 03:16:38, -12.25, 329.80, 147.98, 129.53,  18.81,   0.34,   9.17,  38.14,   4.00,   1.00,  14.21,  14.19, 860.38, 144.30,  46.68, -643961.5694, -183917.0018, -93966.3789,   4.0921, -11.8002,  -5.4739, -642428.9938, -184063.9889, -94390.2989,   3.1133, -15.9255,  -7.5818, -172.65, -178.94,  24.08,  34.93,  78.44, 8,   4.66, 5.1260884158, 2.9651E-03, 5.4301E-06
32E26, 2463476.8043, O, 01-Sep-2032 07:18:14, 2654.95, 174.98,   4.28,   4.45, 02:42:08,  -5.04, 323.38, 133.27, 139.07,  23.23,   0.40,   9.10,  35.26,   7.98,   2.32,  12.90,  28.33, 874.58, 154.02, 288.43, -648485.7372, -172351.4759, -88570.9570,   3.8454, -11.8562,  -5.5039, -644509.6669, -173450.1577, -89445.2902,   2.3962, -15.6473,  -7.3306, -178.90, -179.68,  33.13,  37.68,  76.09, 8,   1.68, 5.1209537984, 1.0555E-03, 7.0910E-07
34C01, 2463505.1383, O, 29-Sep-2032 15:19:05, 1310.93,   8.85,   4.81,   5.19, 17:06:42,  -8.84,  68.33, 105.55,  76.75, 132.95,   0.62,  11.53,  40.18,   1.73,   1.46,  16.24,  28.82, 902.91, 167.44, 217.31, -669486.3823, -89921.9098, -50159.1931,   2.0369, -12.2001,  -5.6882, 1240258.8979, -1278753.4689, -584549.4987,   7.8679,   0.4820,   0.3920, -179.78, 178.78, 116.65, 107.92, -171.45, -,   3.35, 5.1245945352, 1.3955E-03, 1.2154E-06
36G06, 2463533.9632, I, 28-Oct-2032 11:07:04, 1642.76,  13.45,   5.33,   5.75, 16:57:41, -13.50, 261.51,  79.28,  74.70, -77.55,   0.31,  10.39,  30.80,   1.31,   0.83,  11.54,   9.36, 931.74, -127.48, 129.06, -436229.7718, -464654.4788, -222815.8104,  10.4906,  -7.9692,  -3.6074, -475927.2706, 869844.6697, 407521.1027,  -7.8025,  -9.1258,  -4.5180,  -1.08,   0.95,  79.65,  88.04,  -9.32, -,   3.51, 5.0952770656, 1.3454E-03, 1.1306E-06
37C02, 2463543.3183, I, 06-Nov-2032 19:38:20,  214.95, -178.90,   3.58,   4.28, 02:49:28,   1.17, 113.83,  71.27, 137.63, -132.57,   0.27,  15.21,  37.41,   1.00,   1.00,  16.67,  16.69, 941.09, 103.98, 205.11, -117060.7818, 600529.2628, 279881.3096, -13.5187,  -1.9835,  -1.0896, 1039033.4460, 1404440.4254, 676973.9432,  -7.6809,   0.4011,   0.0972,   0.56,   0.06, 122.76, 102.51, -69.87, -,   3.94, 5.0949091539, 1.6290E-03, 1.5795E-06
38C03, 2463560.0049, I, 23-Nov-2032 12:07:02, 4668.20, -179.50,   3.57,   3.84, 01:46:54,   0.50,  99.68,  57.15, 153.27, -106.38,   0.28,  17.32,  42.85,   1.55,   1.55,  20.38,  25.87, 957.78,   9.32,  78.64, 655903.9674, -100038.4010, -39111.0541,   2.2592,  12.3861,   5.8285, 1044319.3147, 1401378.7130, 675622.8158,  -8.4935,   1.0731,   0.3810,   0.06,  -0.02, 102.73,  94.28, -71.36, -,   1.32, 5.0896514194, 5.4317E-04, 1.8443E-07
39C04, 2463585.8731, O, 19-Dec-2032 08:57:11,  613.19, -179.96,   3.58,   4.19, 01:20:44,   0.04, 257.12,  35.78, 159.82, 117.05,   0.28,  12.68,  33.62,   1.27,   1.27,  13.76,  21.15, 983.65, 128.06,  76.52, -44154.6769, 610357.2655, 285425.3774, -13.6339,  -0.6542,  -0.4662, -547236.4509, -1633870.9176, -777692.9562,   5.7381,  -5.4253,  -2.4697, 179.98, 180.00,  94.43, 112.42, 123.14, -,   3.35, 5.0919812982, 1.3862E-03, 1.1542E-06
41C05, 2463607.0263, I, 09-Jan-2033 12:37:51, 1473.68, -179.88,   3.57,   4.06, 21:31:48,   0.12, 105.64,  19.13, 142.95, -119.22,   0.29,  16.31,  40.46,   2.59,   2.59,  18.68,  43.17, 1004.80, 127.70, 118.33, 138720.7892, 597756.7874, 281681.5164, -13.3445,   2.6925,   1.1063, 1840558.0597, -315120.8723, -121151.1973,  -2.5963,   7.0627,   3.2869,  -0.00,  -0.03, 112.17,  97.63, -142.03, -,   2.53, 5.0880534760, 1.0444E-03, 6.6440E-07
43C06, 2463650.1924, O, 21-Feb-2033 16:37:01, 10083.15, -179.05,   3.53,   3.68, 21:42:03,   0.95, 260.61,  14.67, 145.50, 111.72,   0.26,  15.05,  37.64,   1.00,   1.00,  16.70,  16.68, 1047.97, -142.95, 192.55, -457729.1787, 452824.4728, 206971.5607,  -9.9843,  -8.3646,  -4.0341, -1766513.7009, -619414.3373, -317688.0877,  -0.6761,  -7.5002,  -3.5432, 179.96, -179.95,  97.71, 102.77,  65.58, -,   0.72, 5.0593497815, 2.9494E-04, 5.4748E-08
44C07, 2463666.8766, O, 10-Mar-2033 09:02:20, 3086.06, -178.19,   3.55,   3.90, 21:04:58,   1.80, 252.90,  27.56, 136.21, 125.84,   0.17,  12.36,  33.48,   1.49,   1.81,  13.55,  24.80, 1064.65, 118.97,  68.00, 608531.6870, 260342.7165, 128926.6981,  -5.7878,  11.2449,   5.2044, -1769438.5702, -610300.4123, -313470.9471,  -0.9674,  -7.0557,  -3.3541, -179.95, -179.58, 102.57, 113.33,  64.02, -,   1.72, 5.0538550544, 7.1006E-04, 3.1206E-07
46G07, 2463691.6736, O, 04-Apr-2033 04:09:58,  979.70,   0.09,   4.28,   4.88, 06:56:04,   0.02, 109.22,  46.75,  75.98,  53.59,   0.14,  13.47,  52.19,   3.50,   1.18,  23.23,  25.06, 1089.45, 129.56,  11.79, 637691.3828, 198229.3061, 100087.2613,  -4.3968,  11.7268,   5.4475, -712884.5961, 728303.4901, 336546.1433, -12.4668,  -4.4792,  -2.2895, 179.17, 179.08,  75.95,  61.03,  -7.38, -,   3.53, 5.0447756127, 1.3517E-03, 1.1111E-06
47C08, 2463716.7379, O, 29-Apr-2033 05:42:34,  640.72, 177.91,   5.12,   5.56, 20:46:50,  -2.11, 257.21,  66.90, 131.69, 118.75,   0.30,  10.59,  42.09,   1.00,   1.00,  16.70,  16.69, 1114.51, 171.17, 217.51, 523032.3112, 387289.6176, 187393.2647,  -8.6343,   9.5694,   4.3905, -1816413.0204, -483750.2306, -254855.5706,  -3.2145,  -7.2950,  -3.4992, -179.68, 179.97,  98.96, 108.41,  55.26, -,   4.40, 5.0373259204, 1.8216E-03, 2.0655E-06
48C09, 2463733.4254, O, 15-May-2033 22:12:38, 3696.49, 170.93,   5.10,   5.33, 20:12:08,  -9.06, 250.04,  80.73, 122.65, 131.68,   0.92,   9.23,  38.81,   0.71,   0.57,  14.54,  11.74, 1131.20,  74.02,  90.47, 250909.1103, -563021.1916, -261230.1215,  12.8154,   4.5166,   2.2594, -1817315.1347, -485265.2758, -256515.9730,  -2.9849,  -6.7103,  -3.1640, 179.99, 179.14, 108.34, 113.22,  53.75, -,   2.11, 5.0322796677, 8.7278E-04, 4.8367E-07
49E27, 2463745.1692, I, 27-May-2033 16:03:36,   89.85, 163.39,   4.23,   4.67, 18:57:39, -16.79,  25.31,  90.65, 103.89, -16.56,   0.49,   9.35,  45.72,   5.07,   1.07,  17.84,  18.01, 1142.94, -164.17, 151.53, 508989.3005, 402013.0341, 194122.3380,  -9.0055,   9.2900,   4.2575, 508411.0748, 400886.9920, 193061.1378, -13.3313,  10.9293,   4.8752,  -5.20,   1.30,  32.11,  21.27, -102.65, 9,   4.44, 5.0374274993, 2.8254E-03, 4.9319E-06
50E28, 2463763.1830, O, 14-Jun-2033 16:23:30,   35.00, -178.03,   4.27,   4.71, 16:51:14,   2.01, 329.15, 106.75,  72.81,  16.68,   0.45,   9.20,  37.99,   3.88,   0.88,  14.15,  13.77, 1160.96, -124.93, 335.59, 265101.0260, 560616.6985, 265836.7121, -12.6074,   4.8309,   2.1280, 263849.0449, 559701.4709, 265455.5521, -15.5311,   8.1802,   3.6889, 178.89, 179.93,  23.25,  34.63, -78.63, 8,   4.64, 5.0305635479, 2.9505E-03, 5.3742E-06
51E29, 2463776.9559, I, 28-Jun-2033 10:56:26,   67.68, 179.62,   4.31,   4.75, 17:48:41,  -0.38,  28.51, 119.72,  87.17, -19.06,   0.44,   9.31,  45.75,   5.08,   1.08,  17.84,  18.04, 1174.73, -158.68, 182.38, 620288.6640, 242424.2130, 120462.1781,  -5.4886,  11.3140,   5.2473, 619329.3677, 241240.0898, 119884.5199,  -9.3242,  13.8564,   6.4053,   0.07,   0.27,  35.67,  24.69, -123.15, 9,   4.58, 5.0302005252, 2.9116E-03, 5.2426E-06
52E30, 2463794.9933, O, 16-Jul-2033 11:50:22,   25.00, -175.46,   4.27,   4.72, 15:37:30,   4.53, 328.78, 137.56,  54.45,  16.75,   0.49,   9.18,  37.93,   3.88,   0.88,  14.12,  13.79, 1192.77, -114.68, 348.26, 418862.9169, 476028.3342, 227853.1448, -10.7890,   7.6695,   3.4814, 417402.8075, 475427.3561, 227693.8785, -12.6152,  11.6282,   5.2857, 179.78, -178.58,  23.55,  34.96, -96.76, 8,   4.68, 5.0234801311, 2.9731E-03, 5.4557E-06
53E31, 2463808.7790, I, 30-Jul-2033 06:41:42,  125.00, -103.10,   4.23,   4.66, 15:13:36,  75.50,   6.50, 151.89,  79.83, -20.76,   3.10,   9.24,  38.08,   4.00,   1.00,  14.22,  14.21, 1206.55, -146.70, 185.18, 666962.2012, 97935.0048, 53132.1010,  -2.3080,  12.1780,   5.6889, 666544.9850, 97126.1712, 54549.8126,  -5.4282,  15.4930,   6.6619,  -1.34, -21.30,  33.99,  33.28, -140.08, 12,   4.32, 5.0228572436, 2.7633E-03, 4.7207E-06
54E32, 2463822.9875, I, 13-Aug-2033 11:41:59,   50.00, -119.86,   4.19,   4.64, 14:42:52,  55.50, 359.70, 167.08,  63.97, -17.21,   5.46,   9.31,  38.00,   4.00,   1.00,  14.21,  14.21, 1220.76, -135.31,  56.39, 665783.8444, 100351.1692, 54225.2690,  -2.3849,  12.1794,   5.6893, 664877.3825, 99625.6499, 55341.3488,  -5.0800,  15.9505,   5.9519, -22.21, -44.13,  32.47,  32.14, -141.11, 11,   4.51, 5.0193109381, 2.8827E-03, 5.1239E-06
55E33, 2463837.1930, I, 27-Aug-2033 16:37:56,   35.00, -140.89,   4.18,   4.63, 14:35:00,  32.95, 358.92, 177.05,  48.61, -11.75,   7.02,   9.38,  37.93,   4.00,   1.00,  14.21,  14.21, 1234.97, -124.22, 289.93, 665015.1697, 99817.2375, 53937.6139,  -2.3941,  12.1937,   5.6966, 663691.0412, 99225.1232, 54605.0511,  -4.3954,  16.3648,   5.4265, -44.75, -67.28,  31.95,  31.70, -142.42, 11,   4.56, 5.0158606612, 2.9024E-03, 5.1908E-06
56E34, 2463851.3981, I, 10-Sep-2033 21:33:16,   50.00, -164.45,   4.17,   4.62, 14:27:24,  10.56, 358.25, 161.74,  37.91,  -4.72,   7.54,   9.40,  37.91,   4.00,   1.00,  14.21,  14.20, 1249.17, -113.24, 163.84, 664148.4204, 99099.4688, 53561.1495,  -2.3964,  12.2116,   5.7056, 662585.6935, 98725.2816, 53695.3277,  -3.5081,  16.6708,   5.1923, -67.94, -90.46,  31.66,  31.60, -143.74, 9,   4.51, 5.0124944835, 2.8677E-03, 5.0693E-06
57E35, 2463865.6029, O, 25-Sep-2033 02:28:07,   25.00, 169.69,   4.17,   4.63, 14:20:12, -11.89, 357.72, 146.41,  37.06,   2.87,   6.95,   9.36,  37.95,   4.00,   1.00,  14.21,  14.20, 1263.38, -102.53,  38.02, 663205.6193, 98347.4703, 53165.9694,  -2.3943,  12.2317,   5.7156, 661677.6608, 98255.4780, 52745.3462,  -2.5542,  16.8378,   5.2889, -91.02, -113.83,  31.65,  31.78, -145.07, 9,   4.58, 5.0092137890, 2.9157E-03, 5.2362E-06
58E36, 2463879.8074, O, 09-Oct-2033 07:22:37,   35.00, 144.05,   4.17,   4.63, 14:12:22, -34.16, 357.05, 131.49,  46.80,   9.88,   5.36,   9.29,  38.02,   4.00,   1.00,  14.21,  14.20, 1277.58, -92.05, 272.43, 662208.6286, 97641.5621, 52790.0391,  -2.3897,  12.2529,   5.7263, 660912.4075, 97840.1473, 51879.2377,  -1.6710,  16.8248,   5.7002, -114.24, -136.67,  31.91,  32.23, -146.40, 13,   4.55, 5.0060194678, 2.8987E-03, 5.1767E-06
59E37, 2463894.0115, O, 23-Oct-2033 12:16:32,   50.00, 121.05,   4.18,   4.63, 14:03:54, -56.12, 356.27, 117.08,  62.33,  15.19,   3.05,   9.21,  38.15,   4.00,   1.00,  14.23,  14.20, 1291.79, -81.62, 147.18, 661206.3473, 96839.4013, 52367.4474,  -2.3792,  12.2756,   5.7377, 660330.4526, 97295.3708, 51095.2538,  -0.9957,  16.6503,   6.3531, -136.71, -158.59,  32.41,  32.78, -147.74, 13,   4.50, 5.0029141160, 2.8745E-03, 5.0933E-06
60E38, 2463908.2127, O, 06-Nov-2033 17:06:20,   35.00, 102.28,   4.18,   4.63, 13:35:09, -76.66, 350.71, 103.24,  78.78,  18.15,   0.55,   9.17,  38.07,   3.99,   0.99,  14.18,  14.16, 1305.99, -71.41,  24.17, 660729.0712, 93337.8334, 50681.9636,  -2.3027,  12.3075,   5.7542, 660375.9765, 93985.3940, 49268.1267,  -0.5329,  16.3496,   7.1636, -158.42, 179.79,  32.74,  33.38, -149.33, 13,   4.54, 4.9999101940, 2.9048E-03, 5.1985E-06
61E39, 2463922.3717, O, 20-Nov-2033 20:55:15, 1109.96, 177.71,   4.01,   4.30, 11:40:32,  -2.24, 327.96,  89.99,   5.84,  16.99,   0.35,   9.13,  34.05,   6.88,   1.88,  12.39,  24.45, 1320.15, -65.68, 293.77, 666499.6121, 44895.7457, 27959.5384,  -1.2004,  12.4422,   5.8295, 664083.3232, 45975.7530, 28325.8837,   0.6210,  15.9330,   7.5516, 178.60, 178.34,  26.11,  34.07, -155.22, 8,   2.54, 4.9971411750, 1.6084E-03, 1.6214E-06
63E40, 2463946.8199, I, 15-Dec-2033 07:40:40,   25.00, 106.25,   4.00,   4.47, 11:26:43, -72.25,   8.25,  68.23,  73.56, -21.06,   2.58,   9.17,  34.42,   7.00,   2.00,  12.57,  24.86, 1344.59, -89.54, 208.94, 534817.1173, -369099.7706, -167872.4334,   8.1964,   9.9495,   4.7562, 534398.3955, -368262.0904, -169150.9096,   8.5037,  13.7273,   7.1308,   1.33,  24.54,  34.41,  33.16, 160.91, 14,   4.41, 4.9924446220, 2.8223E-03, 4.8856E-06
65E41, 2463971.6792, I, 09-Jan-2034 04:18:01,   50.00, 160.23,   3.94,   4.42, 11:51:02, -17.50,  16.47,  47.37,  18.84, -14.96,   3.44,   9.27,  38.03,   4.00,   1.00,  14.20,  14.19, 1369.45, -70.59, 168.12, 533933.6705, -366963.5606, -166974.6945,   8.2050,   9.9921,   4.7765, 532476.6131, -366319.7764, -167222.7978,   9.1573,  13.2420,   7.6166,  25.55,  47.03,  32.42,  24.15, 158.77, 9,   4.31, 4.9876876765, 2.7416E-03, 4.6087E-06
66E42, 2463985.8698, I, 23-Jan-2034 08:52:26,  100.00, 144.99,   3.97,   4.43, 10:30:24, -30.81, 359.02,  35.89,  38.49,  -9.11,   4.89,   9.31,  38.00,   4.00,   1.00,  14.21,  14.20, 1383.64, -62.05,  53.37, 523269.9423, -378000.6517, -172319.7096,   8.4883,   9.8173,   4.6974, 522137.3110, -376857.6255, -172734.6386,  10.1488,  12.5686,   7.7441,  42.90,  72.03,  25.88,  25.45, 156.10, 13,   4.19, 4.9850698728, 2.6647E-03, 4.3629E-06
67E43, 2464000.0667, I, 06-Feb-2034 13:36:03,   50.00, 133.21,   3.96,   4.44, 08:56:08, -38.06, 337.53,  24.68,  57.78,  -3.57,   6.72,   9.32,  34.00,   7.00,   2.00,  12.45,  24.86, 1397.84, -52.77, 293.74, 517348.5300, -383281.9749, -174911.5188,   8.6432,   9.7277,   4.6570, 516708.8839, -381870.3781, -175352.2573,  10.8048,  11.7403,   7.9656,  69.21,  91.24,  25.70,  32.97, 154.10, 13,   4.32, 4.9825679344, 2.7526E-03, 4.6476E-06
69E44, 2464024.9272, O, 03-Mar-2034 10:15:10,   30.00, -166.79,   3.96,   4.44, 10:11:06,  14.63, 358.30,   5.58,  29.97,   3.98,   5.91,   9.26,  34.12,   7.00,   2.00,  12.48,  24.86, 1422.70, -35.67, 252.19, 519484.8106, -378819.3558, -172876.4540,   8.5993,   9.7935,   4.6879, 518271.1790, -378122.3470, -172116.8392,  11.3704,  11.1408,   7.8789,  92.29, 116.56,  32.82,  32.77, 152.29, 9,   4.38, 4.9784751056, 2.7856E-03, 4.7565E-06
71E45, 2464049.7827, O, 28-Mar-2034 06:47:07,   25.00, -107.65,   3.94,   4.42, 12:16:26,  62.03,  32.16,  13.33,  60.63,   9.73,   3.21,   9.23,  38.08,   4.00,   1.00,  14.21,  14.20, 1447.56, -17.78, 214.52, 518737.0170, -378253.2937, -172696.9965,   8.6413,   9.7849,   4.6846, 517983.5648, -378791.1722, -171410.3964,  12.0422,  11.0614,   7.2099, 116.59, 139.66,  32.92,  25.90, 150.03, 12,   4.36, 4.9746984809, 2.7912E-03, 4.7722E-06
72E46, 2464063.9786, O, 11-Apr-2034 11:29:12,   25.00, -117.79,   3.93,   4.41, 09:43:28,  61.11, 356.11,  23.96,  64.97,  12.40,   0.58,   9.18,  38.11,   4.00,   1.00,  14.20,  14.19, 1461.75,  -8.54,  95.80, 513195.2477, -384036.8249, -175512.6026,   8.7988,   9.6749,   4.6346, 512610.3105, -384164.6914, -174044.8086,  12.5964,  11.2015,   6.2810, 137.52, 169.21,  24.78,  25.38, 148.01, 11,   4.36, 4.9726541523, 2.7830E-03, 4.7427E-06
73E47, 2464078.1706, O, 25-Apr-2034 16:05:41,   50.00, -88.32,   3.88,   4.36, 23:26:37,  87.46, 204.47,  34.62,  90.95,  13.15,   2.38,   9.21,  38.10,   4.00,   1.00,  14.21,  14.20, 1475.94,   0.26, 340.02, 504737.8390, -393024.0704, -179862.3128,   9.0250,   9.5039,   4.5566, 504792.7058, -393724.5286, -178414.2605,  12.9260,  11.3194,   5.2869, 167.93, -158.50,  23.48,  24.12, 145.59, 5,   4.23, 4.9707008567, 2.7116E-03, 4.5005E-06
74E48, 2464092.3743, O, 09-May-2034 20:58:59,   35.00, -56.49,   3.88,   4.37, 21:41:49,  53.21, 179.67,  45.39, 118.07,  10.80,   4.78,   9.28,  38.10,   4.00,   1.00,  14.24,  14.20, 1490.15,  10.15, 215.29, 505424.2375, -392453.1805, -179628.7184,   9.0265,   9.4997,   4.5547, 506150.7830, -393548.9864, -178724.6677,  12.6755,  11.8970,   4.5280, -158.37, -125.16,  24.11,  24.50, 144.38, 4,   4.25, 4.9689050382, 2.7363E-03, 4.5810E-06
75E49, 2464106.5774, O, 24-May-2034 01:51:26,   35.00, -23.83,   3.88,   4.37, 21:33:21,  19.69, 179.02,  56.34, 138.18,   4.91,   5.82,   9.33,  38.01,   4.00,   1.00,  14.22,  14.21, 1504.35,  20.05,  91.00, 505765.8913, -392511.4653, -179695.0347,   9.0370,   9.4840,   4.5474, 506908.5968, -393624.3830, -179612.3643,  12.0875,  12.5893,   4.1855, -125.17, -92.64,  24.68,  24.90, 143.10, 2,   4.24, 4.9672145087, 2.7347E-03, 4.5763E-06
76E50, 2464120.7832, I, 07-Jun-2034 06:47:47,   50.00,  10.78,   3.88,   4.37, 21:26:54, -12.55, 178.59,  67.54, 140.57,  -2.27,   5.17,   9.32,  38.00,   4.00,   1.00,  14.21,  14.21, 1518.56,  30.32, 324.61, 508296.4562, -390547.6523, -178790.6162,   8.9943,   9.5042,   4.5566, 509494.7756, -391329.5550, -179534.0270,  11.3104,  13.2017,   4.4011, -93.74, -61.60,  24.88,  24.82, 142.09, 2,   4.20, 4.9656449507, 2.7075E-03, 4.4881E-06
77E51, 2464134.9886, I, 21-Jun-2034 11:43:32,   35.00,  47.15,   3.89,   4.37, 21:18:07, -46.04, 177.62,  79.10, 123.35,  -8.64,   3.03,   9.27,  38.06,   4.00,   1.00,  14.22,  14.21, 1532.76,  40.38, 198.53, 510489.5848, -389169.1343, -178166.5714,   8.9586,   9.5148,   4.5612, 511329.3934, -389347.3536, -179511.9863,  10.6318,  13.5216,   5.0748, -62.06, -29.22,  24.72,  24.27, 141.01, 6,   4.26, 4.9641813446, 2.7396E-03, 4.5929E-06
78E52, 2464149.1946, I, 05-Jul-2034 16:40:11,   87.64,  81.46,   3.88,   4.36, 20:41:04, -80.16, 169.52,  91.13,  98.11, -11.65,   0.28,   9.26,  38.22,   4.07,   1.07,  14.28,  14.46, 1546.97,  50.52,  71.96, 513113.6578, -387524.8588, -177415.4922,   8.9110,   9.5307,   4.5682, 513310.6272, -387028.2692, -178973.6810,  10.2665,  13.4225,   5.9799, -29.87,   3.43,  23.88,  22.97, 139.98, 6,   4.12, 4.9628296511, 2.6445E-03, 4.2858E-06
79E53, 2464163.6533, O, 20-Jul-2034 03:40:48,   69.99, 174.81,   3.91,   4.38, 09:02:16,  -4.99, 330.41, 103.93,  44.91,  18.42,   0.36,   9.11,  32.18,  12.69,   3.67,  11.58,  45.06, 1561.43,  85.92, 111.15, 651589.3526, -146352.5846, -62689.7043,   3.3881,  12.0444,   5.6986, 650397.9473, -145287.9745, -62357.1200,   6.3533,  14.8841,   7.2310, 176.22, 175.55,  21.90,  34.97, 164.64, 9,   4.23, 4.9625203895, 2.6852E-03, 4.4199E-06
